bat_pos,batsman_name,Country,outornot_detail,runs,Bowls,Fours,Sixes,Strike_rate,url
1,Will Young,New Zealand Innings,c (sub)Faheem Ashraf b Naseem Shah,107,113,12,1,94.69,https://www.cricbuzz.com/live-cricket-scorecard/112395/pak-vs-nz-1st-match-group-a-icc-champions-trophy-2025
2,Conway,New Zealand Innings,b Abrar Ahmed,10,17,2,0,58.82,https://www.cricbuzz.com/live-cricket-scorecard/112395/pak-vs-nz-1st-match-group-a-icc-champions-trophy-2025
3,Williamson,New Zealand Innings,c Rizwan b Naseem Shah,1,2,0,0,50.0,https://www.cricbuzz.com/live-cricket-scorecard/112395/pak-vs-nz-1st-match-group-a-icc-champions-trophy-2025
4,Daryl Mitchell,New Zealand Innings,c Shaheen Afridi b Haris Rauf,10,24,0,0,41.67,https://www.cricbuzz.com/live-cricket-scorecard/112395/pak-vs-nz-1st-match-group-a-icc-champions-trophy-2025
5,Latham (wk),New Zealand Innings,not out,118,104,10,3,113.46,https://www.cricbuzz.com/live-cricket-scorecard/112395/pak-vs-nz-1st-match-group-a-icc-champions-trophy-2025
6,Glenn Phillips,New Zealand Innings,c Fakhar Zaman b Haris Rauf,61,39,3,4,156.41,https://www.cricbuzz.com/live-cricket-scorecard/112395/pak-vs-nz-1st-match-group-a-icc-champions-trophy-2025
7,Michael Bracewell,New Zealand Innings,not out,0,1,0,0,0.0,https://www.cricbuzz.com/live-cricket-scorecard/112395/pak-vs-nz-1st-match-group-a-icc-champions-trophy-2025
7,Michael Bracewell,New Zealand Innings,not out,0,1,0,0,0.0,https://www.cricbuzz.com/live-cricket-scorecard/112395/pak-vs-nz-1st-match-group-a-icc-champions-trophy-2025
7,Michael Bracewell,New Zealand Innings,not out,0,1,0,0,0.0,https://www.cricbuzz.com/live-cricket-scorecard/112395/pak-vs-nz-1st-match-group-a-icc-champions-trophy-2025
7,Michael Bracewell,New Zealand Innings,not out,0,1,0,0,0.0,https://www.cricbuzz.com/live-cricket-scorecard/112395/pak-vs-nz-1st-match-group-a-icc-champions-trophy-2025
1,Tanzid Hasan,Bangladesh Innings,c Rahul b Axar,25,25,4,0,100.0,https://www.cricbuzz.com/live-cricket-scorecard/112402/ban-vs-ind-2nd-match-group-a-icc-champions-trophy-2025
2,Soumya Sarkar,Bangladesh Innings,c Rahul b Shami,0,5,0,0,0.0,https://www.cricbuzz.com/live-cricket-scorecard/112402/ban-vs-ind-2nd-match-group-a-icc-champions-trophy-2025
3,Shanto (c),Bangladesh Innings,c Kohli b Harshit Rana,0,2,0,0,0.0,https://www.cricbuzz.com/live-cricket-scorecard/112402/ban-vs-ind-2nd-match-group-a-icc-champions-trophy-2025
4,Mehidy Hasan Miraz,Bangladesh Innings,c Shubman Gill b Shami,5,10,1,0,50.0,https://www.cricbuzz.com/live-cricket-scorecard/112402/ban-vs-ind-2nd-match-group-a-icc-champions-trophy-2025
5,Towhid Hridoy,Bangladesh Innings,c Shami b Harshit Rana,100,118,6,2,84.75,https://www.cricbuzz.com/live-cricket-scorecard/112402/ban-vs-ind-2nd-match-group-a-icc-champions-trophy-2025
6,Mushfiqur Rahim (wk),Bangladesh Innings,c Rahul b Axar,0,1,0,0,0.0,https://www.cricbuzz.com/live-cricket-scorecard/112402/ban-vs-ind-2nd-match-group-a-icc-champions-trophy-2025
7,Jaker Ali,Bangladesh Innings,c Kohli b Shami,68,114,4,0,59.65,https://www.cricbuzz.com/live-cricket-scorecard/112402/ban-vs-ind-2nd-match-group-a-icc-champions-trophy-2025
8,Rishad Hossain,Bangladesh Innings,c Hardik Pandya b Harshit Rana,18,12,1,2,150.0,https://www.cricbuzz.com/live-cricket-scorecard/112402/ban-vs-ind-2nd-match-group-a-icc-champions-trophy-2025
9,Tanzim Hasan Sakib,Bangladesh Innings,b Shami,0,4,0,0,0.0,https://www.cricbuzz.com/live-cricket-scorecard/112402/ban-vs-ind-2nd-match-group-a-icc-champions-trophy-2025
10,Taskin Ahmed,Bangladesh Innings,c Shreyas Iyer b Shami,3,6,0,0,50.0,https://www.cricbuzz.com/live-cricket-scorecard/112402/ban-vs-ind-2nd-match-group-a-icc-champions-trophy-2025
11,Mustafizur,Bangladesh Innings,not out,0,2,0,0,0.0,https://www.cricbuzz.com/live-cricket-scorecard/112402/ban-vs-ind-2nd-match-group-a-icc-champions-trophy-2025
11,Mustafizur,Bangladesh Innings,not out,0,2,0,0,0.0,https://www.cricbuzz.com/live-cricket-scorecard/112402/ban-vs-ind-2nd-match-group-a-icc-champions-trophy-2025
11,Mustafizur,Bangladesh Innings,not out,0,2,0,0,0.0,https://www.cricbuzz.com/live-cricket-scorecard/112402/ban-vs-ind-2nd-match-group-a-icc-champions-trophy-2025
1,Rickelton (wk),South Africa Innings,run out (Rashid Khan/Gurbaz),103,106,7,1,97.17,https://www.cricbuzz.com/live-cricket-scorecard/112409/afg-vs-rsa-3rd-match-group-b-icc-champions-trophy-2025
2,Tony de Zorzi,South Africa Innings,c Azmatullah b Nabi,11,11,2,0,100.0,https://www.cricbuzz.com/live-cricket-scorecard/112409/afg-vs-rsa-3rd-match-group-b-icc-champions-trophy-2025
3,Bavuma (c),South Africa Innings,c Sediqullah Atal b Nabi,58,76,5,0,76.32,https://www.cricbuzz.com/live-cricket-scorecard/112409/afg-vs-rsa-3rd-match-group-b-icc-champions-trophy-2025
4,van der Dussen,South Africa Innings,c Shahidi b Noor Ahmad,52,46,3,2,113.04,https://www.cricbuzz.com/live-cricket-scorecard/112409/afg-vs-rsa-3rd-match-group-b-icc-champions-trophy-2025
5,Markram,South Africa Innings,not out,52,36,6,1,144.44,https://www.cricbuzz.com/live-cricket-scorecard/112409/afg-vs-rsa-3rd-match-group-b-icc-champions-trophy-2025
6,David Miller,South Africa Innings,c Rahmat b Fazalhaq Farooqi,14,18,1,0,77.78,https://www.cricbuzz.com/live-cricket-scorecard/112409/afg-vs-rsa-3rd-match-group-b-icc-champions-trophy-2025
7,Marco Jansen,South Africa Innings,b Azmatullah,0,1,0,0,0.0,https://www.cricbuzz.com/live-cricket-scorecard/112409/afg-vs-rsa-3rd-match-group-b-icc-champions-trophy-2025
8,Mulder,South Africa Innings,not out,12,6,1,1,200.0,https://www.cricbuzz.com/live-cricket-scorecard/112409/afg-vs-rsa-3rd-match-group-b-icc-champions-trophy-2025
8,Mulder,South Africa Innings,not out,12,6,1,1,200.0,https://www.cricbuzz.com/live-cricket-scorecard/112409/afg-vs-rsa-3rd-match-group-b-icc-champions-trophy-2025
8,Mulder,South Africa Innings,not out,12,6,1,1,200.0,https://www.cricbuzz.com/live-cricket-scorecard/112409/afg-vs-rsa-3rd-match-group-b-icc-champions-trophy-2025
8,Mulder,South Africa Innings,not out,12,6,1,1,200.0,https://www.cricbuzz.com/live-cricket-scorecard/112409/afg-vs-rsa-3rd-match-group-b-icc-champions-trophy-2025
1,Phil Salt,England Innings,c Alex Carey b Dwarshuis,10,6,1,1,166.67,https://www.cricbuzz.com/live-cricket-scorecard/112413/aus-vs-eng-4th-match-group-b-icc-champions-trophy-2025
2,Duckett,England Innings,lbw b Labuschagne,165,143,17,3,115.38,https://www.cricbuzz.com/live-cricket-scorecard/112413/aus-vs-eng-4th-match-group-b-icc-champions-trophy-2025
3,Jamie Smith (wk),England Innings,c Alex Carey b Dwarshuis,15,13,3,0,115.38,https://www.cricbuzz.com/live-cricket-scorecard/112413/aus-vs-eng-4th-match-group-b-icc-champions-trophy-2025
4,Root,England Innings,lbw b Zampa,68,78,4,0,87.18,https://www.cricbuzz.com/live-cricket-scorecard/112413/aus-vs-eng-4th-match-group-b-icc-champions-trophy-2025
5,Harry Brook,England Innings,c Alex Carey b Zampa,3,6,0,0,50.0,https://www.cricbuzz.com/live-cricket-scorecard/112413/aus-vs-eng-4th-match-group-b-icc-champions-trophy-2025
6,Jos Buttler (c),England Innings,c Nathan Ellis b Maxwell,23,21,1,1,109.52,https://www.cricbuzz.com/live-cricket-scorecard/112413/aus-vs-eng-4th-match-group-b-icc-champions-trophy-2025
7,Livingstone,England Innings,c Nathan Ellis b Dwarshuis,14,17,0,1,82.35,https://www.cricbuzz.com/live-cricket-scorecard/112413/aus-vs-eng-4th-match-group-b-icc-champions-trophy-2025
8,Brydon Carse,England Innings,c and b Labuschagne,8,7,0,0,114.29,https://www.cricbuzz.com/live-cricket-scorecard/112413/aus-vs-eng-4th-match-group-b-icc-champions-trophy-2025
9,Jofra Archer,England Innings,not out,21,10,2,1,210.0,https://www.cricbuzz.com/live-cricket-scorecard/112413/aus-vs-eng-4th-match-group-b-icc-champions-trophy-2025
10,Adil Rashid,England Innings,not out,1,1,0,0,100.0,https://www.cricbuzz.com/live-cricket-scorecard/112413/aus-vs-eng-4th-match-group-b-icc-champions-trophy-2025
10,Adil Rashid,England Innings,not out,1,1,0,0,100.0,https://www.cricbuzz.com/live-cricket-scorecard/112413/aus-vs-eng-4th-match-group-b-icc-champions-trophy-2025
10,Adil Rashid,England Innings,not out,1,1,0,0,100.0,https://www.cricbuzz.com/live-cricket-scorecard/112413/aus-vs-eng-4th-match-group-b-icc-champions-trophy-2025
10,Adil Rashid,England Innings,not out,1,1,0,0,100.0,https://www.cricbuzz.com/live-cricket-scorecard/112413/aus-vs-eng-4th-match-group-b-icc-champions-trophy-2025
1,Imam-ul-Haq,Pakistan Innings,run out (Axar),10,26,0,0,38.46,https://www.cricbuzz.com/live-cricket-scorecard/112420/pak-vs-ind-5th-match-group-a-icc-champions-trophy-2025
2,Babar Azam,Pakistan Innings,c Rahul b Hardik Pandya,23,26,5,0,88.46,https://www.cricbuzz.com/live-cricket-scorecard/112420/pak-vs-ind-5th-match-group-a-icc-champions-trophy-2025
3,Saud Shakeel,Pakistan Innings,c Axar b Hardik Pandya,62,76,5,0,81.58,https://www.cricbuzz.com/live-cricket-scorecard/112420/pak-vs-ind-5th-match-group-a-icc-champions-trophy-2025
4,Rizwan (c & wk),Pakistan Innings,b Axar,46,77,3,0,59.74,https://www.cricbuzz.com/live-cricket-scorecard/112420/pak-vs-ind-5th-match-group-a-icc-champions-trophy-2025
5,Salman Agha,Pakistan Innings,c Ravindra Jadeja b Kuldeep Yadav,19,24,0,0,79.17,https://www.cricbuzz.com/live-cricket-scorecard/112420/pak-vs-ind-5th-match-group-a-icc-champions-trophy-2025
6,Tayyab Tahir,Pakistan Innings,b Ravindra Jadeja,4,6,0,0,66.67,https://www.cricbuzz.com/live-cricket-scorecard/112420/pak-vs-ind-5th-match-group-a-icc-champions-trophy-2025
7,Khushdil,Pakistan Innings,c Kohli b Harshit Rana,38,39,0,2,97.44,https://www.cricbuzz.com/live-cricket-scorecard/112420/pak-vs-ind-5th-match-group-a-icc-champions-trophy-2025
8,Shaheen Afridi,Pakistan Innings,lbw b Kuldeep Yadav,0,1,0,0,0.0,https://www.cricbuzz.com/live-cricket-scorecard/112420/pak-vs-ind-5th-match-group-a-icc-champions-trophy-2025
9,Naseem Shah,Pakistan Innings,c Kohli b Kuldeep Yadav,14,16,1,0,87.5,https://www.cricbuzz.com/live-cricket-scorecard/112420/pak-vs-ind-5th-match-group-a-icc-champions-trophy-2025
10,Haris Rauf,Pakistan Innings,run out (Axar/Rahul),8,7,0,1,114.29,https://www.cricbuzz.com/live-cricket-scorecard/112420/pak-vs-ind-5th-match-group-a-icc-champions-trophy-2025
11,Abrar Ahmed,Pakistan Innings,not out,0,0,0,0,0.0,https://www.cricbuzz.com/live-cricket-scorecard/112420/pak-vs-ind-5th-match-group-a-icc-champions-trophy-2025
11,Abrar Ahmed,Pakistan Innings,not out,0,0,0,0,0.0,https://www.cricbuzz.com/live-cricket-scorecard/112420/pak-vs-ind-5th-match-group-a-icc-champions-trophy-2025
11,Abrar Ahmed,Pakistan Innings,not out,0,0,0,0,0.0,https://www.cricbuzz.com/live-cricket-scorecard/112420/pak-vs-ind-5th-match-group-a-icc-champions-trophy-2025
1,Tanzid Hasan,Bangladesh Innings,c Williamson b Michael Bracewell,24,24,1,2,100.0,https://www.cricbuzz.com/live-cricket-scorecard/112427/ban-vs-nz-6th-match-group-a-icc-champions-trophy-2025
2,Shanto (c),Bangladesh Innings,c Michael Bracewell b William ORourke,77,110,9,0,70.0,https://www.cricbuzz.com/live-cricket-scorecard/112427/ban-vs-nz-6th-match-group-a-icc-champions-trophy-2025
3,Mehidy Hasan Miraz,Bangladesh Innings,c Santner b William ORourke,13,14,1,1,92.86,https://www.cricbuzz.com/live-cricket-scorecard/112427/ban-vs-nz-6th-match-group-a-icc-champions-trophy-2025
4,Towhid Hridoy,Bangladesh Innings,c Williamson b Michael Bracewell,7,24,0,0,29.17,https://www.cricbuzz.com/live-cricket-scorecard/112427/ban-vs-nz-6th-match-group-a-icc-champions-trophy-2025
5,Mushfiqur Rahim (wk),Bangladesh Innings,c Rachin Ravindra b Michael Bracewell,2,5,0,0,40.0,https://www.cricbuzz.com/live-cricket-scorecard/112427/ban-vs-nz-6th-match-group-a-icc-champions-trophy-2025
6,Mahmudullah,Bangladesh Innings,c William ORourke b Michael Bracewell,4,14,0,0,28.57,https://www.cricbuzz.com/live-cricket-scorecard/112427/ban-vs-nz-6th-match-group-a-icc-champions-trophy-2025
7,Jaker Ali,Bangladesh Innings,run out (Latham),45,55,3,1,81.82,https://www.cricbuzz.com/live-cricket-scorecard/112427/ban-vs-nz-6th-match-group-a-icc-champions-trophy-2025
8,Rishad Hossain,Bangladesh Innings,c Santner b Matt Henry,26,25,2,1,104.0,https://www.cricbuzz.com/live-cricket-scorecard/112427/ban-vs-nz-6th-match-group-a-icc-champions-trophy-2025
9,Taskin Ahmed,Bangladesh Innings,c Conway b Jamieson,10,20,1,0,50.0,https://www.cricbuzz.com/live-cricket-scorecard/112427/ban-vs-nz-6th-match-group-a-icc-champions-trophy-2025
10,Mustafizur,Bangladesh Innings,not out,3,5,0,0,60.0,https://www.cricbuzz.com/live-cricket-scorecard/112427/ban-vs-nz-6th-match-group-a-icc-champions-trophy-2025
11,Nahid Rana,Bangladesh Innings,not out,0,4,0,0,0.0,https://www.cricbuzz.com/live-cricket-scorecard/112427/ban-vs-nz-6th-match-group-a-icc-champions-trophy-2025
11,Nahid Rana,Bangladesh Innings,not out,0,4,0,0,0.0,https://www.cricbuzz.com/live-cricket-scorecard/112427/ban-vs-nz-6th-match-group-a-icc-champions-trophy-2025
11,Nahid Rana,Bangladesh Innings,not out,0,4,0,0,0.0,https://www.cricbuzz.com/live-cricket-scorecard/112427/ban-vs-nz-6th-match-group-a-icc-champions-trophy-2025
1,Gurbaz (wk),Afghanistan Innings,b Jofra Archer,6,15,0,0,40.0,https://www.cricbuzz.com/live-cricket-scorecard/112437/afg-vs-eng-8th-match-group-b-icc-champions-trophy-2025
2,Ibrahim Zadran,Afghanistan Innings,c Jofra Archer b Livingstone,177,146,12,6,121.23,https://www.cricbuzz.com/live-cricket-scorecard/112437/afg-vs-eng-8th-match-group-b-icc-champions-trophy-2025
3,Sediqullah Atal,Afghanistan Innings,lbw b Jofra Archer,4,4,1,0,100.0,https://www.cricbuzz.com/live-cricket-scorecard/112437/afg-vs-eng-8th-match-group-b-icc-champions-trophy-2025
4,Rahmat,Afghanistan Innings,c Adil Rashid b Jofra Archer,4,9,0,0,44.44,https://www.cricbuzz.com/live-cricket-scorecard/112437/afg-vs-eng-8th-match-group-b-icc-champions-trophy-2025
5,Shahidi (c),Afghanistan Innings,b Adil Rashid,40,67,3,0,59.7,https://www.cricbuzz.com/live-cricket-scorecard/112437/afg-vs-eng-8th-match-group-b-icc-champions-trophy-2025
6,Azmatullah,Afghanistan Innings,c (sub)Tom Banton b Jamie Overton,41,31,1,3,132.26,https://www.cricbuzz.com/live-cricket-scorecard/112437/afg-vs-eng-8th-match-group-b-icc-champions-trophy-2025
7,Nabi,Afghanistan Innings,c Root b Livingstone,40,24,2,3,166.67,https://www.cricbuzz.com/live-cricket-scorecard/112437/afg-vs-eng-8th-match-group-b-icc-champions-trophy-2025
8,Gulbadin,Afghanistan Innings,not out,1,3,0,0,33.33,https://www.cricbuzz.com/live-cricket-scorecard/112437/afg-vs-eng-8th-match-group-b-icc-champions-trophy-2025
9,Rashid Khan,Afghanistan Innings,not out,1,1,0,0,100.0,https://www.cricbuzz.com/live-cricket-scorecard/112437/afg-vs-eng-8th-match-group-b-icc-champions-trophy-2025
9,Rashid Khan,Afghanistan Innings,not out,1,1,0,0,100.0,https://www.cricbuzz.com/live-cricket-scorecard/112437/afg-vs-eng-8th-match-group-b-icc-champions-trophy-2025
9,Rashid Khan,Afghanistan Innings,not out,1,1,0,0,100.0,https://www.cricbuzz.com/live-cricket-scorecard/112437/afg-vs-eng-8th-match-group-b-icc-champions-trophy-2025
9,Rashid Khan,Afghanistan Innings,not out,1,1,0,0,100.0,https://www.cricbuzz.com/live-cricket-scorecard/112437/afg-vs-eng-8th-match-group-b-icc-champions-trophy-2025
1,Gurbaz (wk),Afghanistan Innings,b Spencer Johnson,0,5,0,0,0.0,https://www.cricbuzz.com/live-cricket-scorecard/112444/afg-vs-aus-10th-match-group-b-icc-champions-trophy-2025
2,Ibrahim Zadran,Afghanistan Innings,c Labuschagne b Zampa,22,28,2,0,78.57,https://www.cricbuzz.com/live-cricket-scorecard/112444/afg-vs-aus-10th-match-group-b-icc-champions-trophy-2025
3,Sediqullah Atal,Afghanistan Innings,c Steven Smith b Spencer Johnson,85,95,6,3,89.47,https://www.cricbuzz.com/live-cricket-scorecard/112444/afg-vs-aus-10th-match-group-b-icc-champions-trophy-2025
4,Rahmat,Afghanistan Innings,c Josh Inglis b Maxwell,12,21,1,0,57.14,https://www.cricbuzz.com/live-cricket-scorecard/112444/afg-vs-aus-10th-match-group-b-icc-champions-trophy-2025
5,Shahidi (c),Afghanistan Innings,c Labuschagne b Zampa,20,49,1,0,40.82,https://www.cricbuzz.com/live-cricket-scorecard/112444/afg-vs-aus-10th-match-group-b-icc-champions-trophy-2025
6,Azmatullah,Afghanistan Innings,c Alex Carey b Dwarshuis,67,63,1,5,106.35,https://www.cricbuzz.com/live-cricket-scorecard/112444/afg-vs-aus-10th-match-group-b-icc-champions-trophy-2025
7,Nabi,Afghanistan Innings,run out (Josh Inglis/Spencer Johnson),1,1,0,0,100.0,https://www.cricbuzz.com/live-cricket-scorecard/112444/afg-vs-aus-10th-match-group-b-icc-champions-trophy-2025
8,Gulbadin,Afghanistan Innings,c Josh Inglis b Nathan Ellis,4,12,0,0,33.33,https://www.cricbuzz.com/live-cricket-scorecard/112444/afg-vs-aus-10th-match-group-b-icc-champions-trophy-2025
9,Rashid Khan,Afghanistan Innings,c Maxwell b Dwarshuis,19,17,2,0,111.76,https://www.cricbuzz.com/live-cricket-scorecard/112444/afg-vs-aus-10th-match-group-b-icc-champions-trophy-2025
10,Noor Ahmad,Afghanistan Innings,c Josh Inglis b Dwarshuis,6,8,0,0,75.0,https://www.cricbuzz.com/live-cricket-scorecard/112444/afg-vs-aus-10th-match-group-b-icc-champions-trophy-2025
11,Fazalhaq Farooqi,Afghanistan Innings,not out,0,1,0,0,0.0,https://www.cricbuzz.com/live-cricket-scorecard/112444/afg-vs-aus-10th-match-group-b-icc-champions-trophy-2025
11,Fazalhaq Farooqi,Afghanistan Innings,not out,0,1,0,0,0.0,https://www.cricbuzz.com/live-cricket-scorecard/112444/afg-vs-aus-10th-match-group-b-icc-champions-trophy-2025
11,Fazalhaq Farooqi,Afghanistan Innings,not out,0,1,0,0,0.0,https://www.cricbuzz.com/live-cricket-scorecard/112444/afg-vs-aus-10th-match-group-b-icc-champions-trophy-2025
1,Phil Salt,England Innings,c van der Dussen b Marco Jansen,8,6,2,0,133.33,https://www.cricbuzz.com/live-cricket-scorecard/112451/rsa-vs-eng-11th-match-group-b-icc-champions-trophy-2025
2,Duckett,England Innings,c and b Marco Jansen,24,21,4,0,114.29,https://www.cricbuzz.com/live-cricket-scorecard/112451/rsa-vs-eng-11th-match-group-b-icc-champions-trophy-2025
3,Jamie Smith (wk),England Innings,c Markram b Marco Jansen,0,3,0,0,0.0,https://www.cricbuzz.com/live-cricket-scorecard/112451/rsa-vs-eng-11th-match-group-b-icc-champions-trophy-2025
4,Root,England Innings,b Mulder,37,44,4,1,84.09,https://www.cricbuzz.com/live-cricket-scorecard/112451/rsa-vs-eng-11th-match-group-b-icc-champions-trophy-2025
5,Harry Brook,England Innings,c Marco Jansen b Maharaj,19,29,3,0,65.52,https://www.cricbuzz.com/live-cricket-scorecard/112451/rsa-vs-eng-11th-match-group-b-icc-champions-trophy-2025
6,Jos Buttler (c),England Innings,c Maharaj b Lungi Ngidi,21,43,0,0,48.84,https://www.cricbuzz.com/live-cricket-scorecard/112451/rsa-vs-eng-11th-match-group-b-icc-champions-trophy-2025
7,Livingstone,England Innings,st Klaasen b Maharaj,9,15,1,0,60.0,https://www.cricbuzz.com/live-cricket-scorecard/112451/rsa-vs-eng-11th-match-group-b-icc-champions-trophy-2025
8,Jamie Overton,England Innings,c Lungi Ngidi b Rabada,11,20,1,0,55.0,https://www.cricbuzz.com/live-cricket-scorecard/112451/rsa-vs-eng-11th-match-group-b-icc-champions-trophy-2025
9,Jofra Archer,England Innings,c Marco Jansen b Mulder,25,31,4,0,80.65,https://www.cricbuzz.com/live-cricket-scorecard/112451/rsa-vs-eng-11th-match-group-b-icc-champions-trophy-2025
10,Adil Rashid,England Innings,c Klaasen b Mulder,2,9,0,0,22.22,https://www.cricbuzz.com/live-cricket-scorecard/112451/rsa-vs-eng-11th-match-group-b-icc-champions-trophy-2025
11,Saqib Mahmood,England Innings,not out,5,10,0,0,50.0,https://www.cricbuzz.com/live-cricket-scorecard/112451/rsa-vs-eng-11th-match-group-b-icc-champions-trophy-2025
11,Saqib Mahmood,England Innings,not out,5,10,0,0,50.0,https://www.cricbuzz.com/live-cricket-scorecard/112451/rsa-vs-eng-11th-match-group-b-icc-champions-trophy-2025
11,Saqib Mahmood,England Innings,not out,5,10,0,0,50.0,https://www.cricbuzz.com/live-cricket-scorecard/112451/rsa-vs-eng-11th-match-group-b-icc-champions-trophy-2025
1,Rohit (c),India Innings,c Will Young b Jamieson,15,17,1,1,88.24,https://www.cricbuzz.com/live-cricket-scorecard/112455/nz-vs-ind-12th-match-group-a-icc-champions-trophy-2025
2,Shubman Gill,India Innings,lbw b Matt Henry,2,7,0,0,28.57,https://www.cricbuzz.com/live-cricket-scorecard/112455/nz-vs-ind-12th-match-group-a-icc-champions-trophy-2025
3,Kohli,India Innings,c Glenn Phillips b Matt Henry,11,14,2,0,78.57,https://www.cricbuzz.com/live-cricket-scorecard/112455/nz-vs-ind-12th-match-group-a-icc-champions-trophy-2025
4,Shreyas Iyer,India Innings,c Will Young b William ORourke,79,98,4,2,80.61,https://www.cricbuzz.com/live-cricket-scorecard/112455/nz-vs-ind-12th-match-group-a-icc-champions-trophy-2025
5,Axar,India Innings,c Williamson b Rachin Ravindra,42,61,3,1,68.85,https://www.cricbuzz.com/live-cricket-scorecard/112455/nz-vs-ind-12th-match-group-a-icc-champions-trophy-2025
6,Rahul (wk),India Innings,c Latham b Santner,23,29,1,0,79.31,https://www.cricbuzz.com/live-cricket-scorecard/112455/nz-vs-ind-12th-match-group-a-icc-champions-trophy-2025
7,Hardik Pandya,India Innings,c Rachin Ravindra b Matt Henry,45,45,4,2,100.0,https://www.cricbuzz.com/live-cricket-scorecard/112455/nz-vs-ind-12th-match-group-a-icc-champions-trophy-2025
8,Ravindra Jadeja,India Innings,c Williamson b Matt Henry,16,20,1,0,80.0,https://www.cricbuzz.com/live-cricket-scorecard/112455/nz-vs-ind-12th-match-group-a-icc-champions-trophy-2025
9,Shami,India Innings,c Glenn Phillips b Matt Henry,5,8,0,0,62.5,https://www.cricbuzz.com/live-cricket-scorecard/112455/nz-vs-ind-12th-match-group-a-icc-champions-trophy-2025
10,Kuldeep Yadav,India Innings,not out,1,1,0,0,100.0,https://www.cricbuzz.com/live-cricket-scorecard/112455/nz-vs-ind-12th-match-group-a-icc-champions-trophy-2025
10,Kuldeep Yadav,India Innings,not out,1,1,0,0,100.0,https://www.cricbuzz.com/live-cricket-scorecard/112455/nz-vs-ind-12th-match-group-a-icc-champions-trophy-2025
10,Kuldeep Yadav,India Innings,not out,1,1,0,0,100.0,https://www.cricbuzz.com/live-cricket-scorecard/112455/nz-vs-ind-12th-match-group-a-icc-champions-trophy-2025
10,Kuldeep Yadav,India Innings,not out,1,1,0,0,100.0,https://www.cricbuzz.com/live-cricket-scorecard/112455/nz-vs-ind-12th-match-group-a-icc-champions-trophy-2025
1,Head,Australia Innings,c Shubman Gill b Varun Chakravarthy,39,33,5,2,118.18,https://www.cricbuzz.com/live-cricket-scorecard/112462/ind-vs-aus-1st-semi-final-a1-v-b2-icc-champions-trophy-2025
2,Cooper Connolly,Australia Innings,c Rahul b Shami,0,9,0,0,0.0,https://www.cricbuzz.com/live-cricket-scorecard/112462/ind-vs-aus-1st-semi-final-a1-v-b2-icc-champions-trophy-2025
3,Steven Smith (c),Australia Innings,b Shami,73,96,4,1,76.04,https://www.cricbuzz.com/live-cricket-scorecard/112462/ind-vs-aus-1st-semi-final-a1-v-b2-icc-champions-trophy-2025
4,Labuschagne,Australia Innings,lbw b Ravindra Jadeja,29,36,2,1,80.56,https://www.cricbuzz.com/live-cricket-scorecard/112462/ind-vs-aus-1st-semi-final-a1-v-b2-icc-champions-trophy-2025
5,Josh Inglis (wk),Australia Innings,c Kohli b Ravindra Jadeja,11,12,0,0,91.67,https://www.cricbuzz.com/live-cricket-scorecard/112462/ind-vs-aus-1st-semi-final-a1-v-b2-icc-champions-trophy-2025
6,Alex Carey,Australia Innings,run out (Shreyas Iyer),61,57,8,1,107.02,https://www.cricbuzz.com/live-cricket-scorecard/112462/ind-vs-aus-1st-semi-final-a1-v-b2-icc-champions-trophy-2025
7,Maxwell,Australia Innings,b Axar,7,5,0,1,140.0,https://www.cricbuzz.com/live-cricket-scorecard/112462/ind-vs-aus-1st-semi-final-a1-v-b2-icc-champions-trophy-2025
8,Dwarshuis,Australia Innings,c Shreyas Iyer b Varun Chakravarthy,19,29,1,1,65.52,https://www.cricbuzz.com/live-cricket-scorecard/112462/ind-vs-aus-1st-semi-final-a1-v-b2-icc-champions-trophy-2025
9,Zampa,Australia Innings,b Hardik Pandya,7,12,0,0,58.33,https://www.cricbuzz.com/live-cricket-scorecard/112462/ind-vs-aus-1st-semi-final-a1-v-b2-icc-champions-trophy-2025
10,Nathan Ellis,Australia Innings,c Kohli b Shami,10,7,0,1,142.86,https://www.cricbuzz.com/live-cricket-scorecard/112462/ind-vs-aus-1st-semi-final-a1-v-b2-icc-champions-trophy-2025
11,T Sangha,Australia Innings,not out,1,1,0,0,100.0,https://www.cricbuzz.com/live-cricket-scorecard/112462/ind-vs-aus-1st-semi-final-a1-v-b2-icc-champions-trophy-2025
11,T Sangha,Australia Innings,not out,1,1,0,0,100.0,https://www.cricbuzz.com/live-cricket-scorecard/112462/ind-vs-aus-1st-semi-final-a1-v-b2-icc-champions-trophy-2025
11,T Sangha,Australia Innings,not out,1,1,0,0,100.0,https://www.cricbuzz.com/live-cricket-scorecard/112462/ind-vs-aus-1st-semi-final-a1-v-b2-icc-champions-trophy-2025
1,Will Young,New Zealand Innings,c Markram b Lungi Ngidi,21,23,3,0,91.3,https://www.cricbuzz.com/live-cricket-scorecard/112465/rsa-vs-nz-2nd-semi-final-b1-v-a2-icc-champions-trophy-2025
2,Rachin Ravindra,New Zealand Innings,c Klaasen b Rabada,108,101,13,1,106.93,https://www.cricbuzz.com/live-cricket-scorecard/112465/rsa-vs-nz-2nd-semi-final-b1-v-a2-icc-champions-trophy-2025
3,Williamson,New Zealand Innings,c Lungi Ngidi b Mulder,102,94,10,2,108.51,https://www.cricbuzz.com/live-cricket-scorecard/112465/rsa-vs-nz-2nd-semi-final-b1-v-a2-icc-champions-trophy-2025
4,Daryl Mitchell,New Zealand Innings,c Rabada b Lungi Ngidi,49,37,4,1,132.43,https://www.cricbuzz.com/live-cricket-scorecard/112465/rsa-vs-nz-2nd-semi-final-b1-v-a2-icc-champions-trophy-2025
5,Latham (wk),New Zealand Innings,b Rabada,4,5,0,0,80.0,https://www.cricbuzz.com/live-cricket-scorecard/112465/rsa-vs-nz-2nd-semi-final-b1-v-a2-icc-champions-trophy-2025
6,Glenn Phillips,New Zealand Innings,not out,49,27,6,1,181.48,https://www.cricbuzz.com/live-cricket-scorecard/112465/rsa-vs-nz-2nd-semi-final-b1-v-a2-icc-champions-trophy-2025
7,Michael Bracewell,New Zealand Innings,c Rickelton b Lungi Ngidi,16,12,2,0,133.33,https://www.cricbuzz.com/live-cricket-scorecard/112465/rsa-vs-nz-2nd-semi-final-b1-v-a2-icc-champions-trophy-2025
8,Santner (c),New Zealand Innings,not out,2,1,0,0,200.0,https://www.cricbuzz.com/live-cricket-scorecard/112465/rsa-vs-nz-2nd-semi-final-b1-v-a2-icc-champions-trophy-2025
8,Santner (c),New Zealand Innings,not out,2,1,0,0,200.0,https://www.cricbuzz.com/live-cricket-scorecard/112465/rsa-vs-nz-2nd-semi-final-b1-v-a2-icc-champions-trophy-2025
8,Santner (c),New Zealand Innings,not out,2,1,0,0,200.0,https://www.cricbuzz.com/live-cricket-scorecard/112465/rsa-vs-nz-2nd-semi-final-b1-v-a2-icc-champions-trophy-2025
8,Santner (c),New Zealand Innings,not out,2,1,0,0,200.0,https://www.cricbuzz.com/live-cricket-scorecard/112465/rsa-vs-nz-2nd-semi-final-b1-v-a2-icc-champions-trophy-2025
1,Will Young,New Zealand Innings,lbw b Varun Chakaravarthy,15,23,2,0,65.22,https://www.cricbuzz.com/live-cricket-scorecard/112469/ind-vs-nz-final-icc-champions-trophy-2025
2,Rachin Ravindra,New Zealand Innings,b Kuldeep Yadav,37,29,4,1,127.59,https://www.cricbuzz.com/live-cricket-scorecard/112469/ind-vs-nz-final-icc-champions-trophy-2025
3,Williamson,New Zealand Innings,c and b Kuldeep Yadav,11,14,1,0,78.57,https://www.cricbuzz.com/live-cricket-scorecard/112469/ind-vs-nz-final-icc-champions-trophy-2025
4,Daryl Mitchell,New Zealand Innings,c Rohit b Shami,63,101,3,0,62.38,https://www.cricbuzz.com/live-cricket-scorecard/112469/ind-vs-nz-final-icc-champions-trophy-2025
5,Latham (wk),New Zealand Innings,lbw b Ravindra Jadeja,14,30,0,0,46.67,https://www.cricbuzz.com/live-cricket-scorecard/112469/ind-vs-nz-final-icc-champions-trophy-2025
6,Glenn Phillips,New Zealand Innings,b Varun Chakaravarthy,34,52,2,1,65.38,https://www.cricbuzz.com/live-cricket-scorecard/112469/ind-vs-nz-final-icc-champions-trophy-2025
7,Michael Bracewell,New Zealand Innings,not out,53,40,3,2,132.5,https://www.cricbuzz.com/live-cricket-scorecard/112469/ind-vs-nz-final-icc-champions-trophy-2025
8,Santner (c),New Zealand Innings,run out (Kohli/Rahul),8,10,0,0,80.0,https://www.cricbuzz.com/live-cricket-scorecard/112469/ind-vs-nz-final-icc-champions-trophy-2025
9,Nathan Smith,New Zealand Innings,not out,0,1,0,0,0.0,https://www.cricbuzz.com/live-cricket-scorecard/112469/ind-vs-nz-final-icc-champions-trophy-2025
9,Nathan Smith,New Zealand Innings,not out,0,1,0,0,0.0,https://www.cricbuzz.com/live-cricket-scorecard/112469/ind-vs-nz-final-icc-champions-trophy-2025
9,Nathan Smith,New Zealand Innings,not out,0,1,0,0,0.0,https://www.cricbuzz.com/live-cricket-scorecard/112469/ind-vs-nz-final-icc-champions-trophy-2025
9,Nathan Smith,New Zealand Innings,not out,0,1,0,0,0.0,https://www.cricbuzz.com/live-cricket-scorecard/112469/ind-vs-nz-final-icc-champions-trophy-2025
1,Saud Shakeel,Pakistan Innings,c Matt Henry b William ORourke,6,19,0,0,31.58,https://www.cricbuzz.com/live-cricket-scorecard/112395/pak-vs-nz-1st-match-group-a-icc-champions-trophy-2025
2,Babar Azam,Pakistan Innings,c Williamson b Santner,64,90,6,1,71.11,https://www.cricbuzz.com/live-cricket-scorecard/112395/pak-vs-nz-1st-match-group-a-icc-champions-trophy-2025
3,Mohammad Rizwan (c & wk),Pakistan Innings,c Glenn Phillips b William ORourke,3,14,0,0,21.43,https://www.cricbuzz.com/live-cricket-scorecard/112395/pak-vs-nz-1st-match-group-a-icc-champions-trophy-2025
4,Fakhar Zaman,Pakistan Innings,b Michael Bracewell,24,41,4,0,58.54,https://www.cricbuzz.com/live-cricket-scorecard/112395/pak-vs-nz-1st-match-group-a-icc-champions-trophy-2025
5,Salman Agha,Pakistan Innings,c Michael Bracewell b Nathan Smith,42,28,6,1,150.0,https://www.cricbuzz.com/live-cricket-scorecard/112395/pak-vs-nz-1st-match-group-a-icc-champions-trophy-2025
6,Tayyab Tahir,Pakistan Innings,c Williamson b Santner,1,5,0,0,20.0,https://www.cricbuzz.com/live-cricket-scorecard/112395/pak-vs-nz-1st-match-group-a-icc-champions-trophy-2025
7,Khushdil Shah,Pakistan Innings,c Michael Bracewell b William ORourke,69,49,10,1,140.82,https://www.cricbuzz.com/live-cricket-scorecard/112395/pak-vs-nz-1st-match-group-a-icc-champions-trophy-2025
8,Shaheen Afridi,Pakistan Innings,c Latham b Matt Henry,14,13,0,1,107.69,https://www.cricbuzz.com/live-cricket-scorecard/112395/pak-vs-nz-1st-match-group-a-icc-champions-trophy-2025
9,Naseem Shah,Pakistan Innings,b Matt Henry,13,15,0,1,86.67,https://www.cricbuzz.com/live-cricket-scorecard/112395/pak-vs-nz-1st-match-group-a-icc-champions-trophy-2025
10,Haris Rauf,Pakistan Innings,c Daryl Mitchell b Santner,19,10,0,3,190.0,https://www.cricbuzz.com/live-cricket-scorecard/112395/pak-vs-nz-1st-match-group-a-icc-champions-trophy-2025
11,Abrar Ahmed,Pakistan Innings,not out,0,0,0,0,0.0,https://www.cricbuzz.com/live-cricket-scorecard/112395/pak-vs-nz-1st-match-group-a-icc-champions-trophy-2025
11,Abrar Ahmed,Pakistan Innings,not out,0,0,0,0,0.0,https://www.cricbuzz.com/live-cricket-scorecard/112395/pak-vs-nz-1st-match-group-a-icc-champions-trophy-2025
11,Abrar Ahmed,Pakistan Innings,not out,0,0,0,0,0.0,https://www.cricbuzz.com/live-cricket-scorecard/112395/pak-vs-nz-1st-match-group-a-icc-champions-trophy-2025
1,Rohit Sharma (c),India Innings,c Rishad Hossain b Taskin Ahmed,41,36,7,0,113.89,https://www.cricbuzz.com/live-cricket-scorecard/112402/ban-vs-ind-2nd-match-group-a-icc-champions-trophy-2025
2,Shubman Gill,India Innings,not out,101,129,9,2,78.29,https://www.cricbuzz.com/live-cricket-scorecard/112402/ban-vs-ind-2nd-match-group-a-icc-champions-trophy-2025
3,Virat Kohli,India Innings,c Soumya Sarkar b Rishad Hossain,22,38,1,0,57.89,https://www.cricbuzz.com/live-cricket-scorecard/112402/ban-vs-ind-2nd-match-group-a-icc-champions-trophy-2025
4,Shreyas Iyer,India Innings,c Shanto b Mustafizur,15,17,2,0,88.24,https://www.cricbuzz.com/live-cricket-scorecard/112402/ban-vs-ind-2nd-match-group-a-icc-champions-trophy-2025
5,Axar Patel,India Innings,c and b Rishad Hossain,8,12,1,0,66.67,https://www.cricbuzz.com/live-cricket-scorecard/112402/ban-vs-ind-2nd-match-group-a-icc-champions-trophy-2025
6,KL Rahul (wk),India Innings,not out,41,47,1,2,87.23,https://www.cricbuzz.com/live-cricket-scorecard/112402/ban-vs-ind-2nd-match-group-a-icc-champions-trophy-2025
6,KL Rahul (wk),India Innings,not out,41,47,1,2,87.23,https://www.cricbuzz.com/live-cricket-scorecard/112402/ban-vs-ind-2nd-match-group-a-icc-champions-trophy-2025
6,KL Rahul (wk),India Innings,not out,41,47,1,2,87.23,https://www.cricbuzz.com/live-cricket-scorecard/112402/ban-vs-ind-2nd-match-group-a-icc-champions-trophy-2025
6,KL Rahul (wk),India Innings,not out,41,47,1,2,87.23,https://www.cricbuzz.com/live-cricket-scorecard/112402/ban-vs-ind-2nd-match-group-a-icc-champions-trophy-2025
1,Rahmanullah Gurbaz (wk),Afghanistan Innings,c Maharaj b Lungi Ngidi,10,14,1,0,71.43,https://www.cricbuzz.com/live-cricket-scorecard/112409/afg-vs-rsa-3rd-match-group-b-icc-champions-trophy-2025
2,Ibrahim Zadran,Afghanistan Innings,b Rabada,17,29,1,1,58.62,https://www.cricbuzz.com/live-cricket-scorecard/112409/afg-vs-rsa-3rd-match-group-b-icc-champions-trophy-2025
3,Sediqullah Atal,Afghanistan Innings,run out (Marco Jansen),16,32,2,0,50.0,https://www.cricbuzz.com/live-cricket-scorecard/112409/afg-vs-rsa-3rd-match-group-b-icc-champions-trophy-2025
4,Rahmat Shah,Afghanistan Innings,c Rickelton b Rabada,90,92,9,1,97.83,https://www.cricbuzz.com/live-cricket-scorecard/112409/afg-vs-rsa-3rd-match-group-b-icc-champions-trophy-2025
5,Hashmatullah Shahidi (c),Afghanistan Innings,c Bavuma b Mulder,0,4,0,0,0.0,https://www.cricbuzz.com/live-cricket-scorecard/112409/afg-vs-rsa-3rd-match-group-b-icc-champions-trophy-2025
6,Azmatullah Omarzai,Afghanistan Innings,c Rickelton b Rabada,18,27,3,0,66.67,https://www.cricbuzz.com/live-cricket-scorecard/112409/afg-vs-rsa-3rd-match-group-b-icc-champions-trophy-2025
7,Mohammad Nabi,Afghanistan Innings,c Rabada b Marco Jansen,8,17,0,0,47.06,https://www.cricbuzz.com/live-cricket-scorecard/112409/afg-vs-rsa-3rd-match-group-b-icc-champions-trophy-2025
8,Gulbadin Naib,Afghanistan Innings,c Bavuma b Lungi Ngidi,13,19,2,0,68.42,https://www.cricbuzz.com/live-cricket-scorecard/112409/afg-vs-rsa-3rd-match-group-b-icc-champions-trophy-2025
9,Rashid Khan,Afghanistan Innings,c Markram b Maharaj,18,13,3,1,138.46,https://www.cricbuzz.com/live-cricket-scorecard/112409/afg-vs-rsa-3rd-match-group-b-icc-champions-trophy-2025
10,Noor Ahmad,Afghanistan Innings,b Mulder,9,15,1,0,60.0,https://www.cricbuzz.com/live-cricket-scorecard/112409/afg-vs-rsa-3rd-match-group-b-icc-champions-trophy-2025
11,Fazalhaq Farooqi,Afghanistan Innings,not out,0,0,0,0,0.0,https://www.cricbuzz.com/live-cricket-scorecard/112409/afg-vs-rsa-3rd-match-group-b-icc-champions-trophy-2025
11,Fazalhaq Farooqi,Afghanistan Innings,not out,0,0,0,0,0.0,https://www.cricbuzz.com/live-cricket-scorecard/112409/afg-vs-rsa-3rd-match-group-b-icc-champions-trophy-2025
11,Fazalhaq Farooqi,Afghanistan Innings,not out,0,0,0,0,0.0,https://www.cricbuzz.com/live-cricket-scorecard/112409/afg-vs-rsa-3rd-match-group-b-icc-champions-trophy-2025
1,Matthew Short,Australia Innings,c and b Livingstone,63,66,9,1,95.45,https://www.cricbuzz.com/live-cricket-scorecard/112413/aus-vs-eng-4th-match-group-b-icc-champions-trophy-2025
2,Travis Head,Australia Innings,c and b Jofra Archer,6,5,1,0,120.0,https://www.cricbuzz.com/live-cricket-scorecard/112413/aus-vs-eng-4th-match-group-b-icc-champions-trophy-2025
3,Steven Smith (c),Australia Innings,c Duckett b Mark Wood,5,6,1,0,83.33,https://www.cricbuzz.com/live-cricket-scorecard/112413/aus-vs-eng-4th-match-group-b-icc-champions-trophy-2025
4,Marnus Labuschagne,Australia Innings,c Jos Buttler b Adil Rashid,47,45,5,0,104.44,https://www.cricbuzz.com/live-cricket-scorecard/112413/aus-vs-eng-4th-match-group-b-icc-champions-trophy-2025
5,Josh Inglis (wk),Australia Innings,not out,120,86,8,6,139.53,https://www.cricbuzz.com/live-cricket-scorecard/112413/aus-vs-eng-4th-match-group-b-icc-champions-trophy-2025
6,Alex Carey,Australia Innings,c Jos Buttler b Brydon Carse,69,63,8,0,109.52,https://www.cricbuzz.com/live-cricket-scorecard/112413/aus-vs-eng-4th-match-group-b-icc-champions-trophy-2025
7,Glenn Maxwell,Australia Innings,not out,32,15,4,2,213.33,https://www.cricbuzz.com/live-cricket-scorecard/112413/aus-vs-eng-4th-match-group-b-icc-champions-trophy-2025
7,Glenn Maxwell,Australia Innings,not out,32,15,4,2,213.33,https://www.cricbuzz.com/live-cricket-scorecard/112413/aus-vs-eng-4th-match-group-b-icc-champions-trophy-2025
7,Glenn Maxwell,Australia Innings,not out,32,15,4,2,213.33,https://www.cricbuzz.com/live-cricket-scorecard/112413/aus-vs-eng-4th-match-group-b-icc-champions-trophy-2025
7,Glenn Maxwell,Australia Innings,not out,32,15,4,2,213.33,https://www.cricbuzz.com/live-cricket-scorecard/112413/aus-vs-eng-4th-match-group-b-icc-champions-trophy-2025
1,Rohit Sharma (c),India Innings,b Shaheen Afridi,20,15,3,1,133.33,https://www.cricbuzz.com/live-cricket-scorecard/112420/pak-vs-ind-5th-match-group-a-icc-champions-trophy-2025
2,Shubman Gill,India Innings,b Abrar Ahmed,46,52,7,0,88.46,https://www.cricbuzz.com/live-cricket-scorecard/112420/pak-vs-ind-5th-match-group-a-icc-champions-trophy-2025
3,Virat Kohli,India Innings,not out,100,111,7,0,90.09,https://www.cricbuzz.com/live-cricket-scorecard/112420/pak-vs-ind-5th-match-group-a-icc-champions-trophy-2025
4,Shreyas Iyer,India Innings,c Imam-ul-Haq b Khushdil,56,67,5,1,83.58,https://www.cricbuzz.com/live-cricket-scorecard/112420/pak-vs-ind-5th-match-group-a-icc-champions-trophy-2025
5,Hardik Pandya,India Innings,c Rizwan b Shaheen Afridi,8,6,1,0,133.33,https://www.cricbuzz.com/live-cricket-scorecard/112420/pak-vs-ind-5th-match-group-a-icc-champions-trophy-2025
6,Axar Patel,India Innings,not out,3,4,0,0,75.0,https://www.cricbuzz.com/live-cricket-scorecard/112420/pak-vs-ind-5th-match-group-a-icc-champions-trophy-2025
6,Axar Patel,India Innings,not out,3,4,0,0,75.0,https://www.cricbuzz.com/live-cricket-scorecard/112420/pak-vs-ind-5th-match-group-a-icc-champions-trophy-2025
6,Axar Patel,India Innings,not out,3,4,0,0,75.0,https://www.cricbuzz.com/live-cricket-scorecard/112420/pak-vs-ind-5th-match-group-a-icc-champions-trophy-2025
6,Axar Patel,India Innings,not out,3,4,0,0,75.0,https://www.cricbuzz.com/live-cricket-scorecard/112420/pak-vs-ind-5th-match-group-a-icc-champions-trophy-2025
1,Will Young,New Zealand Innings,b Taskin Ahmed,0,6,0,0,0.0,https://www.cricbuzz.com/live-cricket-scorecard/112427/ban-vs-nz-6th-match-group-a-icc-champions-trophy-2025
2,Devon Conway,New Zealand Innings,b Mustafizur,30,45,6,0,66.67,https://www.cricbuzz.com/live-cricket-scorecard/112427/ban-vs-nz-6th-match-group-a-icc-champions-trophy-2025
3,Kane Williamson,New Zealand Innings,c Mushfiqur Rahim b Nahid Rana,5,4,1,0,125.0,https://www.cricbuzz.com/live-cricket-scorecard/112427/ban-vs-nz-6th-match-group-a-icc-champions-trophy-2025
4,Rachin Ravindra,New Zealand Innings,c (sub)Parvez Hossain Emon b Rishad Hossain,112,105,12,1,106.67,https://www.cricbuzz.com/live-cricket-scorecard/112427/ban-vs-nz-6th-match-group-a-icc-champions-trophy-2025
5,Tom Latham (wk),New Zealand Innings,run out (Mahmudullah),55,76,3,0,72.37,https://www.cricbuzz.com/live-cricket-scorecard/112427/ban-vs-nz-6th-match-group-a-icc-champions-trophy-2025
6,Glenn Phillips,New Zealand Innings,not out,21,28,2,1,75.0,https://www.cricbuzz.com/live-cricket-scorecard/112427/ban-vs-nz-6th-match-group-a-icc-champions-trophy-2025
7,Michael Bracewell,New Zealand Innings,not out,11,13,1,0,84.62,https://www.cricbuzz.com/live-cricket-scorecard/112427/ban-vs-nz-6th-match-group-a-icc-champions-trophy-2025
7,Michael Bracewell,New Zealand Innings,not out,11,13,1,0,84.62,https://www.cricbuzz.com/live-cricket-scorecard/112427/ban-vs-nz-6th-match-group-a-icc-champions-trophy-2025
7,Michael Bracewell,New Zealand Innings,not out,11,13,1,0,84.62,https://www.cricbuzz.com/live-cricket-scorecard/112427/ban-vs-nz-6th-match-group-a-icc-champions-trophy-2025
7,Michael Bracewell,New Zealand Innings,not out,11,13,1,0,84.62,https://www.cricbuzz.com/live-cricket-scorecard/112427/ban-vs-nz-6th-match-group-a-icc-champions-trophy-2025
1,Philip Salt,England Innings,b Azmatullah,12,13,2,0,92.31,https://www.cricbuzz.com/live-cricket-scorecard/112437/afg-vs-eng-8th-match-group-b-icc-champions-trophy-2025
2,Ben Duckett,England Innings,lbw b Rashid Khan,38,45,4,0,84.44,https://www.cricbuzz.com/live-cricket-scorecard/112437/afg-vs-eng-8th-match-group-b-icc-champions-trophy-2025
3,Jamie Smith (wk),England Innings,c Azmatullah b Nabi,9,13,2,0,69.23,https://www.cricbuzz.com/live-cricket-scorecard/112437/afg-vs-eng-8th-match-group-b-icc-champions-trophy-2025
4,Joe Root,England Innings,c Gurbaz b Azmatullah,120,111,11,1,108.11,https://www.cricbuzz.com/live-cricket-scorecard/112437/afg-vs-eng-8th-match-group-b-icc-champions-trophy-2025
5,Harry Brook,England Innings,c and b Nabi,25,21,3,0,119.05,https://www.cricbuzz.com/live-cricket-scorecard/112437/afg-vs-eng-8th-match-group-b-icc-champions-trophy-2025
6,Jos Buttler (c),England Innings,c Rahmat b Azmatullah,38,42,0,2,90.48,https://www.cricbuzz.com/live-cricket-scorecard/112437/afg-vs-eng-8th-match-group-b-icc-champions-trophy-2025
7,Liam Livingstone,England Innings,c Gurbaz b Gulbadin,10,8,2,0,125.0,https://www.cricbuzz.com/live-cricket-scorecard/112437/afg-vs-eng-8th-match-group-b-icc-champions-trophy-2025
8,Jamie Overton,England Innings,c Nabi b Azmatullah,32,28,3,0,114.29,https://www.cricbuzz.com/live-cricket-scorecard/112437/afg-vs-eng-8th-match-group-b-icc-champions-trophy-2025
9,Jofra Archer,England Innings,c Nabi b Fazalhaq Farooqi,14,8,2,0,175.0,https://www.cricbuzz.com/live-cricket-scorecard/112437/afg-vs-eng-8th-match-group-b-icc-champions-trophy-2025
10,Adil Rashid,England Innings,c Ibrahim Zadran b Azmatullah,5,7,0,0,71.43,https://www.cricbuzz.com/live-cricket-scorecard/112437/afg-vs-eng-8th-match-group-b-icc-champions-trophy-2025
11,Mark Wood,England Innings,not out,2,3,0,0,66.67,https://www.cricbuzz.com/live-cricket-scorecard/112437/afg-vs-eng-8th-match-group-b-icc-champions-trophy-2025
11,Mark Wood,England Innings,not out,2,3,0,0,66.67,https://www.cricbuzz.com/live-cricket-scorecard/112437/afg-vs-eng-8th-match-group-b-icc-champions-trophy-2025
11,Mark Wood,England Innings,not out,2,3,0,0,66.67,https://www.cricbuzz.com/live-cricket-scorecard/112437/afg-vs-eng-8th-match-group-b-icc-champions-trophy-2025
1,Matthew Short,Australia Innings,c Gulbadin b Azmatullah,20,15,3,1,133.33,https://www.cricbuzz.com/live-cricket-scorecard/112444/afg-vs-aus-10th-match-group-b-icc-champions-trophy-2025
2,Travis Head,Australia Innings,not out,59,40,9,1,147.5,https://www.cricbuzz.com/live-cricket-scorecard/112444/afg-vs-aus-10th-match-group-b-icc-champions-trophy-2025
3,Steven Smith (c),Australia Innings,not out,19,22,2,0,86.36,https://www.cricbuzz.com/live-cricket-scorecard/112444/afg-vs-aus-10th-match-group-b-icc-champions-trophy-2025
3,Steven Smith (c),Australia Innings,not out,19,22,2,0,86.36,https://www.cricbuzz.com/live-cricket-scorecard/112444/afg-vs-aus-10th-match-group-b-icc-champions-trophy-2025
3,Steven Smith (c),Australia Innings,not out,19,22,2,0,86.36,https://www.cricbuzz.com/live-cricket-scorecard/112444/afg-vs-aus-10th-match-group-b-icc-champions-trophy-2025
3,Steven Smith (c),Australia Innings,not out,19,22,2,0,86.36,https://www.cricbuzz.com/live-cricket-scorecard/112444/afg-vs-aus-10th-match-group-b-icc-champions-trophy-2025
1,Ryan Rickelton,South Africa Innings,b Jofra Archer,27,25,5,0,108.0,https://www.cricbuzz.com/live-cricket-scorecard/112451/rsa-vs-eng-11th-match-group-b-icc-champions-trophy-2025
2,Tristan Stubbs,South Africa Innings,b Jofra Archer,0,5,0,0,0.0,https://www.cricbuzz.com/live-cricket-scorecard/112451/rsa-vs-eng-11th-match-group-b-icc-champions-trophy-2025
3,Rassie van der Dussen,South Africa Innings,not out,72,87,6,3,82.76,https://www.cricbuzz.com/live-cricket-scorecard/112451/rsa-vs-eng-11th-match-group-b-icc-champions-trophy-2025
4,Heinrich Klaasen (wk),South Africa Innings,c Saqib Mahmood b Adil Rashid,64,56,11,0,114.29,https://www.cricbuzz.com/live-cricket-scorecard/112451/rsa-vs-eng-11th-match-group-b-icc-champions-trophy-2025
5,David Miller,South Africa Innings,not out,7,2,0,1,350.0,https://www.cricbuzz.com/live-cricket-scorecard/112451/rsa-vs-eng-11th-match-group-b-icc-champions-trophy-2025
5,David Miller,South Africa Innings,not out,7,2,0,1,350.0,https://www.cricbuzz.com/live-cricket-scorecard/112451/rsa-vs-eng-11th-match-group-b-icc-champions-trophy-2025
5,David Miller,South Africa Innings,not out,7,2,0,1,350.0,https://www.cricbuzz.com/live-cricket-scorecard/112451/rsa-vs-eng-11th-match-group-b-icc-champions-trophy-2025
5,David Miller,South Africa Innings,not out,7,2,0,1,350.0,https://www.cricbuzz.com/live-cricket-scorecard/112451/rsa-vs-eng-11th-match-group-b-icc-champions-trophy-2025
1,Will Young,New Zealand Innings,b Varun Chakravarthy,22,35,3,0,62.86,https://www.cricbuzz.com/live-cricket-scorecard/112455/nz-vs-ind-12th-match-group-a-icc-champions-trophy-2025
2,Rachin Ravindra,New Zealand Innings,c Axar b Hardik Pandya,6,12,0,0,50.0,https://www.cricbuzz.com/live-cricket-scorecard/112455/nz-vs-ind-12th-match-group-a-icc-champions-trophy-2025
3,Kane Williamson,New Zealand Innings,st Rahul b Axar,81,120,7,0,67.5,https://www.cricbuzz.com/live-cricket-scorecard/112455/nz-vs-ind-12th-match-group-a-icc-champions-trophy-2025
4,Daryl Mitchell,New Zealand Innings,lbw b Kuldeep Yadav,17,35,1,0,48.57,https://www.cricbuzz.com/live-cricket-scorecard/112455/nz-vs-ind-12th-match-group-a-icc-champions-trophy-2025
5,Tom Latham (wk),New Zealand Innings,lbw b Ravindra Jadeja,14,20,0,0,70.0,https://www.cricbuzz.com/live-cricket-scorecard/112455/nz-vs-ind-12th-match-group-a-icc-champions-trophy-2025
6,Glenn Phillips,New Zealand Innings,lbw b Varun Chakravarthy,12,8,0,1,150.0,https://www.cricbuzz.com/live-cricket-scorecard/112455/nz-vs-ind-12th-match-group-a-icc-champions-trophy-2025
7,Michael Bracewell,New Zealand Innings,lbw b Varun Chakravarthy,2,3,0,0,66.67,https://www.cricbuzz.com/live-cricket-scorecard/112455/nz-vs-ind-12th-match-group-a-icc-champions-trophy-2025
8,Mitchell Santner (c),New Zealand Innings,b Varun Chakravarthy,28,31,1,2,90.32,https://www.cricbuzz.com/live-cricket-scorecard/112455/nz-vs-ind-12th-match-group-a-icc-champions-trophy-2025
9,Matt Henry,New Zealand Innings,c Kohli b Varun Chakravarthy,2,4,0,0,50.0,https://www.cricbuzz.com/live-cricket-scorecard/112455/nz-vs-ind-12th-match-group-a-icc-champions-trophy-2025
10,Kyle Jamieson,New Zealand Innings,not out,9,4,0,1,225.0,https://www.cricbuzz.com/live-cricket-scorecard/112455/nz-vs-ind-12th-match-group-a-icc-champions-trophy-2025
11,William ORourke,New Zealand Innings,b Kuldeep Yadav,1,2,0,0,50.0,https://www.cricbuzz.com/live-cricket-scorecard/112455/nz-vs-ind-12th-match-group-a-icc-champions-trophy-2025
11,William ORourke,New Zealand Innings,b Kuldeep Yadav,1,2,0,0,50.0,https://www.cricbuzz.com/live-cricket-scorecard/112455/nz-vs-ind-12th-match-group-a-icc-champions-trophy-2025
11,William ORourke,New Zealand Innings,b Kuldeep Yadav,1,2,0,0,50.0,https://www.cricbuzz.com/live-cricket-scorecard/112455/nz-vs-ind-12th-match-group-a-icc-champions-trophy-2025
1,Rohit Sharma (c),India Innings,lbw b Cooper Connolly,28,29,3,1,96.55,https://www.cricbuzz.com/live-cricket-scorecard/112462/ind-vs-aus-1st-semi-final-a1-v-b2-icc-champions-trophy-2025
2,Shubman Gill,India Innings,b Dwarshuis,8,11,1,0,72.73,https://www.cricbuzz.com/live-cricket-scorecard/112462/ind-vs-aus-1st-semi-final-a1-v-b2-icc-champions-trophy-2025
3,Virat Kohli,India Innings,c Dwarshuis b Zampa,84,98,5,0,85.71,https://www.cricbuzz.com/live-cricket-scorecard/112462/ind-vs-aus-1st-semi-final-a1-v-b2-icc-champions-trophy-2025
4,Shreyas Iyer,India Innings,b Zampa,45,62,3,0,72.58,https://www.cricbuzz.com/live-cricket-scorecard/112462/ind-vs-aus-1st-semi-final-a1-v-b2-icc-champions-trophy-2025
5,Axar Patel,India Innings,b Nathan Ellis,27,30,1,1,90.0,https://www.cricbuzz.com/live-cricket-scorecard/112462/ind-vs-aus-1st-semi-final-a1-v-b2-icc-champions-trophy-2025
6,KL Rahul (wk),India Innings,not out,42,34,2,2,123.53,https://www.cricbuzz.com/live-cricket-scorecard/112462/ind-vs-aus-1st-semi-final-a1-v-b2-icc-champions-trophy-2025
7,Hardik Pandya,India Innings,c Maxwell b Nathan Ellis,28,24,1,3,116.67,https://www.cricbuzz.com/live-cricket-scorecard/112462/ind-vs-aus-1st-semi-final-a1-v-b2-icc-champions-trophy-2025
8,Ravindra Jadeja,India Innings,not out,2,1,0,0,200.0,https://www.cricbuzz.com/live-cricket-scorecard/112462/ind-vs-aus-1st-semi-final-a1-v-b2-icc-champions-trophy-2025
8,Ravindra Jadeja,India Innings,not out,2,1,0,0,200.0,https://www.cricbuzz.com/live-cricket-scorecard/112462/ind-vs-aus-1st-semi-final-a1-v-b2-icc-champions-trophy-2025
8,Ravindra Jadeja,India Innings,not out,2,1,0,0,200.0,https://www.cricbuzz.com/live-cricket-scorecard/112462/ind-vs-aus-1st-semi-final-a1-v-b2-icc-champions-trophy-2025
8,Ravindra Jadeja,India Innings,not out,2,1,0,0,200.0,https://www.cricbuzz.com/live-cricket-scorecard/112462/ind-vs-aus-1st-semi-final-a1-v-b2-icc-champions-trophy-2025
1,Ryan Rickelton,South Africa Innings,c Michael Bracewell b Matt Henry,17,12,4,0,141.67,https://www.cricbuzz.com/live-cricket-scorecard/112465/rsa-vs-nz-2nd-semi-final-b1-v-a2-icc-champions-trophy-2025
2,Temba Bavuma (c),South Africa Innings,c Williamson b Santner,56,71,4,1,78.87,https://www.cricbuzz.com/live-cricket-scorecard/112465/rsa-vs-nz-2nd-semi-final-b1-v-a2-icc-champions-trophy-2025
3,Rassie van der Dussen,South Africa Innings,b Santner,69,66,4,2,104.55,https://www.cricbuzz.com/live-cricket-scorecard/112465/rsa-vs-nz-2nd-semi-final-b1-v-a2-icc-champions-trophy-2025
4,Aiden Markram,South Africa Innings,c and b Rachin Ravindra,31,29,3,0,106.9,https://www.cricbuzz.com/live-cricket-scorecard/112465/rsa-vs-nz-2nd-semi-final-b1-v-a2-icc-champions-trophy-2025
5,Heinrich Klaasen (wk),South Africa Innings,c Matt Henry b Santner,3,7,0,0,42.86,https://www.cricbuzz.com/live-cricket-scorecard/112465/rsa-vs-nz-2nd-semi-final-b1-v-a2-icc-champions-trophy-2025
6,David Miller,South Africa Innings,not out,100,67,10,4,149.25,https://www.cricbuzz.com/live-cricket-scorecard/112465/rsa-vs-nz-2nd-semi-final-b1-v-a2-icc-champions-trophy-2025
7,Wiaan Mulder,South Africa Innings,c Rachin Ravindra b Michael Bracewell,8,13,1,0,61.54,https://www.cricbuzz.com/live-cricket-scorecard/112465/rsa-vs-nz-2nd-semi-final-b1-v-a2-icc-champions-trophy-2025
8,Marco Jansen,South Africa Innings,lbw b Glenn Phillips,3,7,0,0,42.86,https://www.cricbuzz.com/live-cricket-scorecard/112465/rsa-vs-nz-2nd-semi-final-b1-v-a2-icc-champions-trophy-2025
9,Keshav Maharaj,South Africa Innings,c Latham b Glenn Phillips,1,4,0,0,25.0,https://www.cricbuzz.com/live-cricket-scorecard/112465/rsa-vs-nz-2nd-semi-final-b1-v-a2-icc-champions-trophy-2025
10,Kagiso Rabada,South Africa Innings,c Glenn Phillips b Matt Henry,16,22,2,0,72.73,https://www.cricbuzz.com/live-cricket-scorecard/112465/rsa-vs-nz-2nd-semi-final-b1-v-a2-icc-champions-trophy-2025
11,Lungi Ngidi,South Africa Innings,not out,1,2,0,0,50.0,https://www.cricbuzz.com/live-cricket-scorecard/112465/rsa-vs-nz-2nd-semi-final-b1-v-a2-icc-champions-trophy-2025
11,Lungi Ngidi,South Africa Innings,not out,1,2,0,0,50.0,https://www.cricbuzz.com/live-cricket-scorecard/112465/rsa-vs-nz-2nd-semi-final-b1-v-a2-icc-champions-trophy-2025
11,Lungi Ngidi,South Africa Innings,not out,1,2,0,0,50.0,https://www.cricbuzz.com/live-cricket-scorecard/112465/rsa-vs-nz-2nd-semi-final-b1-v-a2-icc-champions-trophy-2025
1,Rohit Sharma (c),India Innings,st Latham b Rachin Ravindra,76,83,7,3,91.57,https://www.cricbuzz.com/live-cricket-scorecard/112469/ind-vs-nz-final-icc-champions-trophy-2025
2,Shubman Gill,India Innings,c Glenn Phillips b Santner,31,50,0,1,62.0,https://www.cricbuzz.com/live-cricket-scorecard/112469/ind-vs-nz-final-icc-champions-trophy-2025
3,Virat Kohli,India Innings,lbw b Michael Bracewell,1,2,0,0,50.0,https://www.cricbuzz.com/live-cricket-scorecard/112469/ind-vs-nz-final-icc-champions-trophy-2025
4,Shreyas Iyer,India Innings,c Rachin Ravindra b Santner,48,62,2,2,77.42,https://www.cricbuzz.com/live-cricket-scorecard/112469/ind-vs-nz-final-icc-champions-trophy-2025
5,Axar Patel,India Innings,c William ORourke b Michael Bracewell,29,40,1,1,72.5,https://www.cricbuzz.com/live-cricket-scorecard/112469/ind-vs-nz-final-icc-champions-trophy-2025
6,KL Rahul (wk),India Innings,not out,34,33,1,1,103.03,https://www.cricbuzz.com/live-cricket-scorecard/112469/ind-vs-nz-final-icc-champions-trophy-2025
7,Hardik Pandya,India Innings,c and b Jamieson,18,18,1,1,100.0,https://www.cricbuzz.com/live-cricket-scorecard/112469/ind-vs-nz-final-icc-champions-trophy-2025
8,Ravindra Jadeja,India Innings,not out,9,6,1,0,150.0,https://www.cricbuzz.com/live-cricket-scorecard/112469/ind-vs-nz-final-icc-champions-trophy-2025
8,Ravindra Jadeja,India Innings,not out,9,6,1,0,150.0,https://www.cricbuzz.com/live-cricket-scorecard/112469/ind-vs-nz-final-icc-champions-trophy-2025
8,Ravindra Jadeja,India Innings,not out,9,6,1,0,150.0,https://www.cricbuzz.com/live-cricket-scorecard/112469/ind-vs-nz-final-icc-champions-trophy-2025
8,Ravindra Jadeja,India Innings,not out,9,6,1,0,150.0,https://www.cricbuzz.com/live-cricket-scorecard/112469/ind-vs-nz-final-icc-champions-trophy-2025
